ID,23,,26,,27,,28,,29,,30,,31,,204,,81,,99,
ILL4A-1,12,23,12,13,25,28,10,15,9,11,30,36,16,17,8,16,19,22,18,19
ILL4A-2,14,22,15,16,27,29,9,9,8,8,28,35,17,18,15,17,20,20,21,23
ILL4A-3,12,26,10,13,?,?,16,22,7,9,30,31,19,20,13,15,?,?,10,15
ILL4A-4,26,33,13,13,26,28,16,17,8,8,19,30,15,15,16,19,?,?,16,20
ILL4A-5,17,33,9,13,24,25,18,20,9,10,20,20,12,19,17,17,15,19,13,17
ILL4A-6,16,30,15,16,25,28,9,9,8,8,34,41,14,17,13,16,?,?,22,23
ILL4A-7,12,12,10,12,25,29,8,11,10,12,32,37,21,21,14,18,19,19,11,12
ILL4A-8,13,17,10,15,19,19,9,9,8,8,20,20,13,22,15,16,15,24,13,13
ILL4A-10,21,23,11,11,23,23,18,19,8,9,22,22,13,14,17,17,?,?,13,17
ILL4A-11,13,23,12,12,28,32,14,18,8,9,19,19,12,16,14,17,17,22,15,16
ILL4A-13,12,12,10,15,21,24,14,14,8,8,19,19,15,18,19,24,16,21,17,17
ILL4A-14,20,27,10,11,28,32,17,21,8,8,23,27,13,19,15,17,14,17,14,19
ILL4A-15,13,23,13,15,27,34,10,10,8,9,21,25,17,17,17,17,?,?,10,16
ILL4A-18,16,26,14,15,29,32,14,18,8,9,29,30,10,11,13,15,16,20,9,9
ILL4A-19,15,17,9,16,30,33,?,?,8,10,33,34,15,15,18,19,?,?,12,28
ILL4A-23,12,13,11,15,21,24,16,18,8,10,27,31,15,15,17,20,17,22,15,20
ILL4A-24,16,18,11,17,27,27,18,21,8,8,24,35,9,17,15,20,19,24,19,24
ILL4A-25,17,23,10,11,29,33,16,18,7,10,15,27,11,19,13,19,?,?,19,21
ILL4A-27,16,19,10,15,21,29,18,25,8,8,31,39,10,22,14,17,?,?,10,15
ILL4A-28,14,17,11,14,24,26,18,21,7,8,26,27,12,18,14,14,?,?,20,20
ILL4A-29,14,17,11,14,24,26,?,?,7,8,26,27,12,18,14,14,?,?,20,29
ILL4A-30,12,14,12,17,20,30,19,19,7,8,27,33,13,16,16,21,17,17,14,21
ILL4A-31,11,24,13,14,21,21,17,19,8,9,24,25,13,20,12,13,?,?,14,14
ILL4A-32,13,17,?,?,23,25,9,9,8,10,20,20,12,17,14,22,?,?,19,23
ILL4A-33,15,23,11,13,22,26,15,16,7,11,31,31,18,18,14,22,?,?,19,26
ILL4A-34,16,17,16,21,32,32,17,24,5,9,18,24,14,20,13,22,16,22,20,31
ILL4A-35,16,18,11,11,30,31,?,?,8,16,31,37,19,19,15,18,15,20,26,29
ILL4A-36,21,26,11,12,23,29,12,12,8,8,19,23,19,19,14,22,17,18,9,14
ILL4A-38,14,14,11,14,19,25,19,21,8,9,34,44,11,15,16,23,15,15,27,30
ILL4A-39,13,29,10,10,23,28,18,22,8,10,19,20,16,19,12,16,23,23,15,18
ILL4A-40,17,21,14,14,24,24,14,21,9,15,32,38,10,10,15,21,15,20,8,8
ILL4A-41,12,21,13,14,25,29,15,20,8,8,31,31,18,18,14,20,?,?,19,21
ILL4A-42,17,20,10,14,23,27,17,21,9,10,19,26,13,15,13,18,18,25,19,19
ILL4A-45,17,22,12,16,24,28,15,20,7,9,15,16,13,20,13,22,?,?,13,20
ILL4A-47,24,26,11,17,19,24,13,23,7,11,37,41,18,18,16,21,?,?,21,22
ILL4A-49,15,15,?,?,21,28,19,23,7,9,25,30,16,16,19,22,?,?,20,21
ILL4A-50,15,15,11,14,24,26,?,?,8,8,28,30,13,17,16,18,15,15,12,19
ILL4A-51,25,29,8,13,23,30,?,?,6,7,21,26,15,18,17,18,?,?,18,18
ILL4A-53,18,20,9,15,20,24,14,19,8,9,34,34,19,19,11,17,21,22,17,18
ILL4A-56,16,23,10,12,22,28,20,23,7,8,36,36,16,16,16,16,?,?,1,13
ILL4A-57,14,18,11,13,29,30,8,8,8,12,15,28,20,22,15,19,17,17,20,24
ILL4A-59,17,27,10,17,25,28,?,?,7,12,24,24,11,16,17,18,?,?,17,23
ILL4A-60,13,34,11,14,24,26,14,14,6,7,28,33,18,18,12,24,18,18,18,18
ILL4A-61,24,28,?,?,26,32,19,25,8,8,19,25,11,17,16,19,?,?,17,17
ILL4A-62,16,19,11,11,23,24,19,24,8,20,32,35,15,18,14,22,21,26,12,19
ILL4A-63,16,21,12,12,25,28,19,23,8,11,27,35,10,10,13,13,?,?,11,16
ILL4A-64,12,17,11,11,21,23,17,17,10,12,15,16,7,12,14,15,17,22,20,20
ILL4A-65,13,22,14,17,24,26,22,29,6,9,23,26,14,15,15,16,12,17,15,26
QGT3A-1,13,13,11,11,22,23,14,14,8,8,?,?,12,17,14,16,16,20,10,20
QGT3A-2,15,19,13,14,26,28,12,18,8,9,36,39,14,18,15,16,21,23,12,13
QGT3A-3,14,20,11,15,27,30,12,14,8,10,26,26,13,13,14,16,19,19,17,22
QGT3A-4,15,22,11,12,26,34,23,23,8,8,32,36,15,15,16,19,16,21,19,19
QGT3A-5,19,24,11,12,22,24,17,20,8,18,17,24,11,11,16,16,15,25,16,23
QGT3A-6,18,21,13,14,22,27,17,18,8,8,16,16,10,10,6,13,19,21,10,15
QGT3A-7,12,12,15,17,39,26,19,20,8,9,27,31,13,18,16,19,19,19,4,4
QGT3A-11,27,30,12,13,24,26,13,17,7,8,31,34,11,12,15,16,21,28,15,19
QGT3A-12,14,16,20,22,28,31,17,18,8,11,18,24,12,16,13,16,?,?,4,12
QGT3A-13,21,21,16,16,25,25,11,17,8,9,24,25,14,14,15,16,?,?,14,17
QGT3A-14,16,18,12,12,31,35,11,12,7,7,19,19,11,20,9,20,?,?,10,15
QGT3A-16,14,17,14,15,24,28,9,9,8,11,22,25,13,19,12,17,22,23,16,28
QGT3A-19,22,26,?,?,?,?,17,23,7,16,16,16,15,15,?,?,?,?,14,17
QGT3A-20,14,14,11,13,18,27,9,16,7,11,23,38,10,19,13,17,15,22,10,10
QGT3A-21,29,30,13,17,27,29,21,27,6,15,?,?,8,15,16,19,?,?,8,16
QGT3A-22,21,21,12,17,27,31,14,17,8,8,26,26,17,17,14,15,15,15,10,10
QGT3A-25,18,24,15,15,19,21,10,14,8,12,?,?,11,15,17,20,?,?,23,30
QGT3A-26,17,17,10,10,22,33,17,23,8,9,?,?,18,18,18,20,23,29,13,18
QGT3A-29,18,27,13,17,27,34,14,20,8,8,?,?,13,13,13,18,25,26,6,6
QGT3A-30,23,27,10,17,28,36,13,15,8,8,?,?,20,20,16,20,22,23,11,14
QGT3A-31,14,25,11,16,26,26,?,?,8,8,20,23,12,14,16,30,?,?,12,19
QGT3A-32,17,23,10,18,29,34,?,?,11,11,24,31,16,16,14,14,?,?,3,3
QGT3A-33,?,?,14,14,26,31,?,?,8,10,?,?,15,19,?,?,28,12,8,14
QGT3A-34,12,19,15,18,30,30,?,?,8,12,21,33,14,14,?,?,?,?,4,4
QGT3A-36,23,29,12,15,?,?,15,15,9,9,?,?,13,13,11,22,?,?,15,20
QGT3A-42,18,21,11,13,23,24,15,18,8,8,24,37,14,14,13,13,21,23,14,25
QGT3A-45,15,16,10,20,28,32,18,18,6,7,?,?,14,14,?,?,19,19,21,22
QGT3A-50,19,24,?,?,25,30,21,21,7,7,22,32,15,17,?,?,19,20,10,15
QGT3A-57,18,30,10,12,?,?,?,?,8,9,24,26,16,21,?,?,18,22,11,31
QGT3A-58,14,19,9,15,?,?,22,31,9,9,?,?,14,18,16,19,?,?,12,13
QGT3A-59,21,30,13,13,26,29,?,?,8,10,27,27,16,16,15,19,21,21,10,12
QGT3A-60,20,21,14,18,26,32,15,17,8,18,28,33,12,14,16,19,?,?,8,15
QGT3A-64,?,?,16,19,30,30,?,?,7,10,?,?,12,12,?,?,?,?,1,13
QGT3A-66,27,32,15,20,28,31,17,22,7,10,18,18,13,21,12,16,?,?,11,13
QGT3A-67,22,24,12,19,?,?,18,20,8,9,40,45,?,?,14,14,?,?,11,11
QGT3A-70,27,31,11,12,25,29,17,23,8,12,?,?,15,20,15,19,?,?,13,13
QGT3A-71,16,19,?,?,21,24,?,?,6,10,19,40,15,20,?,?,?,?,10,10
QGT3A-72,21,32,8,13,29,29,?,?,9,16,27,33,18,21,15,17,?,?,4,14
QGT3A-74,17,22,14,14,25,29,19,23,6,8,?,?,17,20,16,17,?,?,20,26
QGT3A-77,15,20,12,15,?,?,?,?,8,8,11,22,17,20,?,?,?,?,4,4
QGT3A-83,20,23,14,16,?,?,18,19,7,8,?,?,19,20,15,23,?,?,24,24
QGT3A-84,?,?,10,13,?,?,?,?,7,7,24,34,15,15,?,?,23,25,12,13
QGT3A-85,14,16,13,21,26,26,19,20,8,12,27,34,16,19,16,17,?,?,10,13
QGT3A-86,?,?,10,15,29,33,16,21,10,12,38,43,18,18,?,?,?,?,15,18
QGT3A-88,21,31,10,16,21,22,11,15,7,9,25,31,13,13,?,?,16,23,12,12
QGT3A-89,12,17,?,?,28,33,?,?,8,11,22,32,13,13,15,16,?,?,12,16
QGT3A-90,23,31,9,14,?,?,?,?,13,16,34,41,11,16,?,?,?,?,16,16
QGT3A-91,28,32,11,13,?,?,?,?,?,?,?,?,17,17,14,17,?,?,9,15
QGT3A-92,13,13,?,?,28,30,?,?,7,19,34,36,18,18,13,17,?,?,12,12
QGT3A-95,28,34,14,16,?,?,17,20,8,11,28,28,16,17,10,12,?,?,10,14
QGT3A-96,?,?,12,14,?,?,17,20,?,?,?,?,?,?,12,16,?,?,8,14
QGT3A-97,31,34,?,?,?,?,15,18,4,5,?,?,?,?,15,15,?,?,13,18
QGT3A-99,?,?,10,13,31,31,?,?,9,9,?,?,12,20,11,15,?,?,17,21
QGT3A-100,17,21,?,?,27,28,12,14,8,10,?,?,13,19,16,19,?,?,18,18
TYT3A-1,?,?,?,?,?,?,?,?,10,16,?,?,?,?,?,?,?,?,?,?
TYT3A-2,12,13,10,11,24,25,9,9,10,11,36,36,14,15,13,20,19,26,14,18
TYT3A-3,14,14,11,12,22,23,9,17,8,11,42,44,13,18,18,18,19,19,17,22
TYT3A-4,12,14,11,13,23,28,15,16,6,10,17,17,13,14,11,22,13,13,13,16
TYT3A-5,12,12,17,17,21,21,21,21,8,8,?,?,15,15,17,22,?,?,28,28
TYT3A-6,14,14,?,?,?,?,10,10,8,8,?,?,11,11,16,18,?,?,?,?
TYT3A-7,13,14,15,16,27,33,13,19,9,12,35,35,12,14,12,15,20,23,8,12
TYT3A-8,14,17,11,11,22,26,15,15,8,12,18,18,11,11,17,19,13,13,11,14
TYT3A-9,19,19,10,10,26,31,?,?,12,12,?,?,10,10,15,17,?,?,12,18
TYT3A-13,17,22,?,?,25,27,9,9,7,8,?,?,12,12,11,11,?,?,?,?
HCL3A-3,13,17,11,15,22,32,17,20,8,12,33,35,16,22,19,19,18,24,12,23
HCL3A-4,14,14,11,11,26,31,8,8,9,9,25,27,13,13,14,15,22,23,11,23
HCL3A-5,13,13,11,11,21,25,9,9,?,?,25,31,18,18,9,12,19,19,14,18
HCL3A-7,16,16,12,12,24,29,20,26,8,12,21,21,17,17,15,15,16,22,13,15
HCL3A-8,14,14,13,14,29,30,19,22,7,10,25,25,15,15,12,21,18,19,7,21
HCL3A-10,14,18,12,14,25,27,9,9,8,8,23,33,12,14,20,22,17,20,25,27
HCL3A-11,18,18,13,17,26,28,9,9,7,8,25,28,16,20,11,15,19,22,16,23
HCL3A-12,12,15,11,15,26,29,15,21,8,8,39,39,13,13,17,18,17,22,20,24
HCL3A-13,22,26,16,17,26,31,15,15,9,12,31,31,12,12,14,21,12,22,16,19
HCL3A-14,12,21,?,?,?,?,20,21,8,8,?,?,12,12,18,19,?,?,12,14
HCL3A-15,17,18,11,17,26,28,15,16,8,12,23,27,8,14,18,20,14,15,18,32
HCL3A-16,13,18,12,15,25,32,9,9,10,12,16,25,14,16,16,17,19,20,9,15
HCL3A-17,24,24,?,?,?,?,12,12,13,19,?,?,11,13,13,22,17,20,14,14
HCL3A-18,16,16,13,14,?,?,19,21,8,11,23,31,17,19,16,20,17,18,15,21
HCL3A-20,14,24,12,13,21,24,12,14,8,13,31,44,19,19,16,16,16,20,14,16
HCL3A-21,12,21,?,?,?,?,18,20,8,8,?,?,14,14,12,23,?,?,20,24
HCL3A-22,13,22,10,11,29,29,10,14,7,7,31,38,13,15,15,25,22,24,12,27
HCL3A-23,17,18,15,16,27,30,15,18,7,8,22,28,15,15,14,21,22,23,8,11
HCL3A-24,12,12,12,13,?,?,9,9,8,9,15,15,12,12,16,17,14,15,16,17
HCL3A-26,14,25,11,12,22,27,14,19,7,8,15,28,12,15,15,15,18,18,9,12
HCL3A-28,18,24,10,10,21,21,9,9,7,8,25,32,15,15,14,20,23,24,7,20
HCL3A-29,11,18,13,16,26,30,20,24,8,8,24,31,16,20,14,19,17,21,11,20
HCL3A-30,12,12,12,12,25,27,18,19,8,8,21,44,21,21,11,15,15,16,16,24
HCL3A-31,17,18,11,14,23,27,16,23,8,12,22,40,13,13,14,17,16,22,7,29
HCL3A-32,26,31,?,?,?,?,9,14,7,10,?,?,12,18,11,11,?,?,11,20
HCL3A-35,26,31,?,?,23,23,19,23,10,11,?,?,9,14,12,13,?,?,25,25
HCL3A-36,14,15,14,18,24,25,13,16,8,8,20,30,11,15,13,13,19,21,13,16
HCL3A-37,12,21,11,16,21,21,15,18,10,12,16,33,11,13,16,20,19,24,17,18
HCL3A-39,12,18,10,13,26,28,14,16,8,8,27,28,18,18,13,19,16,24,18,21
HCL3A-40,13,25,13,17,22,32,17,21,8,9,20,24,14,14,14,19,18,21,16,21
HCL3A-41,17,20,11,15,23,28,19,21,8,8,18,31,13,19,20,22,17,22,19,21
HCL3A-46,12,16,11,15,27,27,14,14,8,8,23,29,14,18,16,17,18,18,16,24
HCL3A-47,12,12,13,14,21,25,17,24,9,10,15,21,13,16,12,13,18,22,10,14
HCL3A-48,14,16,16,16,21,22,14,19,7,9,24,29,10,14,17,18,19,23,14,18
HCL3A-49,16,16,11,15,?,?,14,15,11,12,19,31,14,15,14,19,19,22,14,15
HCL3A-54,23,30,15,15,29,30,19,20,8,10,26,31,12,19,16,21,17,18,21,24
HCL3A-55,12,12,13,15,23,30,7,7,6,11,29,30,12,12,20,23,17,22,12,14
HCL3A-56,14,18,11,12,25,27,17,19,8,9,40,44,17,18,15,18,18,23,13,16
HCL3A-58,16,16,15,16,?,?,18,19,7,11,17,26,15,15,17,22,18,20,11,20
HCL3A-62,14,21,13,13,31,32,9,15,9,11,24,25,14,18,15,16,12,18,9,10
HCL3A-63,13,22,11,13,28,32,18,22,8,9,21,21,14,18,12,13,17,17,12,12
HCL3A-66,12,14,12,14,26,28,20,21,12,15,28,31,13,14,16,18,?,?,17,27
HCL3A-70,30,36,11,11,18,18,15,19,7,7,33,33,15,15,16,22,17,21,17,25
HCL3A-73,13,21,14,17,19,24,11,18,8,8,24,31,10,15,15,17,19,23,13,15
HCL3A-77,28,29,12,16,24,25,20,21,5,5,25,33,10,11,15,19,18,23,21,27
HCL3A-80,16,24,12,14,23,26,10,14,?,?,20,20,12,18,14,19,?,?,13,22
HCT2A-5,14,16,11,14,21,24,19,23,8,8,28,37,15,15,11,20,15,16,16,29
HCT2A-6,14,14,9,11,24,26,10,17,8,8,36,42,10,17,12,23,17,26,4,4
HCT2A-7,14,17,11,14,28,34,17,24,8,10,26,26,19,19,17,20,23,27,14,27
HCT2A-8,14,17,11,14,24,32,15,15,10,12,?,?,20,20,12,20,16,18,4,4
HCT2A-9,14,14,12,13,27,28,17,25,8,9,?,?,10,19,22,22,14,15,20,23
HCT2A-10,17,17,11,17,27,28,17,22,10,11,15,15,10,10,18,19,15,16,15,15
HCT2A-12,27,27,11,12,18,27,20,20,8,9,29,44,12,12,15,17,22,25,13,13
HCT2A-13,17,22,11,14,24,30,17,24,9,9,?,?,17,19,17,18,16,22,18,25
HCT2A-14,17,18,11,13,21,31,19,19,8,12,16,16,15,17,13,19,20,23,27,27
HCT2A-17,14,20,10,10,21,26,9,16,8,8,40,41,13,21,15,18,15,24,25,27
HCT2A-18,17,26,14,15,26,30,13,15,7,10,?,?,15,15,16,16,17,19,12,22
HCT2A-19,12,14,13,17,20,20,17,20,8,8,31,31,16,16,13,16,19,19,13,24
HCT2A-22,24,30,?,?,?,?,12,15,8,13,?,?,10,13,14,22,22,23,11,11
HCT2A-23,24,25,10,14,?,?,9,17,8,9,23,23,12,12,19,20,16,21,18,25
HCT2A-24,12,12,14,20,22,22,15,23,7,8,22,22,19,19,17,19,21,21,14,19
HCT2A-26,13,18,10,12,26,26,19,19,7,7,16,16,15,15,14,16,18,22,13,17
HCT2A-27,15,25,12,14,22,27,22,24,10,12,19,19,16,16,14,17,14,15,20,26
HCT2A-28,18,18,?,?,?,?,9,15,6,8,?,?,20,21,?,?,?,?,15,25
HCT2A-29,22,23,11,12,27,27,17,20,8,8,29,46,?,?,12,19,18,19,10,13
HCT2A-30,12,17,11,16,25,28,18,27,10,12,25,25,17,19,10,22,20,22,21,37
HCT2A-31,17,19,14,15,?,?,20,25,8,12,?,?,14,20,15,18,15,21,10,16
HCT2A-46,18,24,13,14,25,25,15,18,8,8,25,33,14,18,14,25,16,16,7,15
HCT2A-48,14,14,13,17,21,24,15,19,6,7,?,?,12,13,13,18,17,17,8,8
HCT2A-52,14,18,11,11,21,24,22,24,8,12,27,36,13,21,14,16,20,24,14,25
HCT2A-53,13,13,11,13,25,27,14,22,8,8,29,32,13,14,16,19,21,22,15,21
HCT2A-56,10,13,10,10,?,?,10,14,8,11,?,?,16,16,17,18,12,12,13,16
HCT2A-57,12,12,12,15,21,27,18,20,7,18,41,42,16,17,13,16,18,18,10,25
HCT2A-60,14,14,17,19,24,24,16,18,8,9,21,30,12,18,15,22,12,18,18,23
HCT2A-62,16,18,10,15,?,?,17,21,8,11,15,16,12,12,13,17,17,22,17,18
HCT2A-63,12,12,11,16,23,24,8,8,5,9,35,37,10,10,19,21,23,25,14,28
HCT2A-70,12,12,10,16,?,?,9,18,8,10,38,40,17,19,18,18,22,22,14,19
HCT2A-72,14,17,13,15,25,25,19,19,8,8,?,?,9,10,13,13,15,15,15,15
HCT2A-76,12,17,14,14,?,?,22,25,11,16,?,?,12,20,16,20,16,18,7,7
HCT2A-82,15,15,10,10,?,?,10,10,7,8,15,19,12,14,17,19,20,24,20,23
HCT2A-85,13,13,13,15,25,27,15,20,8,9,21,33,13,13,14,20,17,17,17,17
HCT2A-86,12,18,12,15,27,30,20,23,8,12,?,?,14,14,23,23,16,20,14,14
HCT2A-88,15,18,10,18,?,?,15,17,8,9,25,26,12,22,14,20,17,18,14,23
HCT2A-90,13,24,11,13,25,27,9,15,7,8,20,20,15,20,16,21,18,18,13,19
HCT2A-91,22,23,13,14,18,21,15,18,8,18,?,?,10,10,16,18,12,18,21,21
HCT2A-92,13,13,12,12,?,?,20,20,7,8,?,?,15,15,14,16,16,16,19,22
HCT2A-94,12,12,13,14,?,?,17,18,8,9,?,?,10,19,15,20,20,20,21,22
HCT2A-95,15,15,10,10,?,?,15,20,7,8,18,18,8,13,19,19,22,26,7,17
HCT2A-96,13,13,11,12,?,?,19,19,7,12,?,?,13,13,12,17,14,18,14,20
HCT2A-97,12,12,12,15,?,?,20,21,7,8,?,?,13,13,12,22,17,18,10,20
HCT2A-98,12,14,10,10,?,?,9,12,8,11,19,30,15,22,?,?,14,14,16,16
HCT2A-99,23,28,?,?,?,?,16,18,9,10,?,?,12,15,?,?,?,?,13,13
HCT2A-100,13,18,?,?,?,?,9,18,?,?,?,?,9,11,?,?,20,22,13,13
HCT2A-101,18,19,10,11,21,31,17,24,7,8,?,?,14,17,11,19,?,?,14,21
HCHF-1,24,24,16,20,23,25,17,18,9,10,24,24,20,20,18,19,?,?,9,9
HCHF-2,17,30,12,12,28,29,17,17,8,16,?,?,13,19,12,16,?,?,16,17
HCHF-3,32,39,17,24,29,31,14,14,25,26,?,?,20,20,16,23,?,?,17,19
HCHF-4,19,24,?,?,21,21,15,18,9,11,?,?,15,19,13,13,?,?,12,20
HCHF-5,29,29,?,?,22,24,14,15,15,25,?,?,8,8,13,17,?,?,23,23
HCHF-6,12,20,?,?,24,25,24,25,8,11,26,30,14,20,18,19,15,18,20,23
HCHF-7,37,37,15,21,20,20,15,15,24,25,19,21,19,19,18,24,?,?,18,23
HCHF-8,12,14,13,14,27,28,15,21,10,11,17,25,20,23,13,21,?,?,16,20
HCHF-9,10,10,11,14,23,27,16,21,7,9,?,?,17,17,11,19,?,?,16,19
HCHF-13,13,18,10,12,24,26,15,15,8,9,?,?,13,15,13,17,?,?,14,20
TCT3A-12,13,13,13,15,27,36,17,20,8,8,19,19,8,16,15,18,18,18,6,6
TCT3A-13,17,21,11,15,20,20,24,25,8,11,23,30,17,17,11,17,19,21,6,6
TCT3A-14,13,24,10,14,25,28,14,18,8,9,19,19,14,19,12,22,21,21,11,12
TCT3A-15,16,22,11,17,29,30,14,19,7,10,19,19,10,19,13,18,24,24,6,12
TCT3A-16,14,18,13,15,24,26,14,20,8,9,24,36,12,13,15,17,18,23,13,22
TCT3A-17,17,21,13,14,30,31,9,9,7,7,19,28,18,21,13,20,19,25,14,21
TCT3A-18,15,16,15,15,24,29,19,19,8,8,15,32,11,13,19,23,17,20,14,24
TCT3A-19,12,13,14,16,28,29,9,17,8,8,16,23,13,13,17,21,27,27,8,15
TCT3A-20,12,15,10,18,24,33,9,9,8,8,30,35,11,11,12,23,16,22,11,18
TCT3A-23,12,12,12,12,22,28,21,23,8,10,37,39,16,20,17,21,16,18,18,20
TCT3A-25,20,20,16,18,26,29,15,17,9,10,20,37,13,13,13,14,24,24,24,27
TCT3A-26,13,21,15,15,25,27,9,9,11,11,26,42,12,15,15,23,24,24,18,22
TCT3A-28,20,22,12,15,20,20,21,23,5,10,33,40,13,18,15,19,15,18,7,28
TCT3A-29,16,23,15,15,24,25,9,9,8,9,22,26,12,14,12,20,18,24,18,22
TCT3A-30,13,14,14,15,24,29,19,20,7,7,22,36,13,18,15,19,18,20,10,20
TCT3A-32,21,22,11,12,27,28,9,16,8,9,15,19,7,7,13,22,21,22,11,11
TCT3A-34,17,25,12,15,22,24,14,20,7,8,36,36,10,14,12,22,16,17,10,16
TCT3A-35,10,17,11,15,22,29,17,20,8,8,26,35,14,14,8,17,18,19,14,16
TCT3A-37,13,13,?,?,27,28,13,15,7,8,21,30,11,12,15,17,16,24,13,20
TCT3A-38,19,24,10,11,25,31,9,9,8,19,22,39,14,17,14,16,16,22,19,20
TCT3A-39,16,16,10,11,17,23,15,19,8,12,18,18,12,16,13,15,16,19,9,13
TCZ3A-1,26,26,25,26,25,25,15,15,6,6,19,21,16,19,22,25,?,?,19,27
TCZ3A-3,34,34,12,12,25,26,21,23,20,23,23,23,18,18,13,19,?,?,15,15
TCZ3A-4,31,36,16,20,36,38,16,22,6,6,21,22,18,18,18,20,?,?,18,18
TCZ3A-7,32,34,16,24,21,21,14,14,6,6,22,22,22,22,12,15,?,?,17,27
TCZ3A-12,32,39,16,16,19,24,15,22,6,6,?,?,25,25,13,21,?,?,25,28
TCZ3A-16,39,41,15,24,29,32,21,22,6,6,22,22,8,8,16,23,?,?,17,19
TCZ3A-17,34,34,24,24,29,36,15,19,6,6,21,21,18,18,18,24,19,19,25,29
TCZ3A-41,31,37,15,16,28,28,15,15,6,6,?,?,?,?,16,16,18,18,16,20
TCZ3A-43,37,37,15,19,25,27,20,24,19,20,?,?,18,18,16,19,18,18,20,29
TCZ3A-46,29,29,16,24,34,34,18,18,6,6,?,?,18,18,18,22,19,19,19,23
TCZ3A-54,?,?,22,24,24,30,14,18,6,6,?,?,18,18,16,21,18,18,19,24
TCZ3A-60,?,?,?,?,29,39,14,14,15,19,19,29,18,18,15,16,?,?,22,32
TCZ3A-63,?,?,?,?,25,25,16,17,6,6,?,?,19,19,18,22,?,?,17,17
TCZ3A-68,?,?,?,?,29,29,14,14,6,6,19,19,20,20,14,15,22,22,?,?
TCZ3A-70,30,33,16,17,22,28,14,14,19,26,22,22,19,19,16,17,?,?,20,22
TCZ3A-72,36,39,19,30,22,26,15,21,6,6,21,21,8,17,16,18,?,?,27,29
TCZ3A-73,30,39,12,16,23,25,?,?,6,6,19,29,18,21,15,18,?,?,18,27
TCZ3A-81,39,39,21,23,25,29,?,?,6,6,22,28,18,18,17,18,15,15,17,29
TCZ3A-82,37,38,13,15,23,23,?,?,25,26,22,23,20,21,18,21,18,18,16,16
TCZ3A-85,33,35,13,25,20,20,22,27,6,6,21,21,17,21,15,18,?,?,17,30
TCZ3A-86,?,?,?,?,27,27,?,?,25,25,22,22,18,20,15,16,18,18,?,?
TCZ3A-91,?,?,?,?,29,35,20,28,6,6,21,27,19,19,15,15,?,?,29,29
TCZ3A-97,?,?,?,?,25,26,21,22,6,6,21,21,19,19,17,21,?,?,18,18
TCZ3A-98,?,?,?,?,23,29,12,12,6,6,22,27,18,20,18,19,?,?,16,18
TCZ3A-101,?,?,?,?,28,37,?,?,6,6,21,23,18,18,17,22,?,?,?,?
TCZ3A-106,?,?,?,?,28,28,?,?,6,6,?,?,20,20,19,19,19,19,20,28
TCZ3A-107,?,?,?,?,25,25,17,17,6,6,22,22,21,21,16,18,?,?,16,16
TCZ3A-109,?,?,?,?,25,25,?,?,6,15,21,27,19,23,18,22,?,?,19,23
TCZ3A-118,?,?,?,?,20,25,16,24,6,6,22,27,17,21,15,23,?,?,25,25
TCZ3A-121,?,?,?,?,23,25,?,?,6,6,?,?,19,19,14,14,?,?,20,25
TCZ3A-122,?,?,?,?,27,27,18,18,6,19,21,24,19,20,14,15,?,?,15,18
TCZ3A-138,?,?,?,?,24,27,15,15,20,20,21,21,18,19,14,14,?,?,22,25
TCZ3A-153,?,?,?,?,23,25,15,15,6,6,?,?,23,23,?,?,?,?,24,26
TCZ3A-168,31,38,19,20,19,19,15,15,6,15,22,23,19,19,16,18,17,17,18,28
TCZ3A-169,?,?,?,?,18,18,?,?,6,19,?,?,17,23,15,25,17,17,17,17
TCZ3A-125,?,?,?,?,26,31,?,?,8,8,?,?,14,14,?,?,20,22,?,?
TCZ3A-84,?,?,?,?,20,20,18,20,8,10,18,18,16,24,15,15,22,24,16,19
TCZ3A-10,18,25,11,11,23,28,15,17,7,12,22,22,10,18,13,21,17,17,20,29
TCZ3A-64,?,?,?,?,24,24,17,20,8,8,?,?,10,13,14,16,19,20,15,15
TCZ3A-33,22,23,13,13,22,24,21,23,9,12,28,35,10,15,17,17,18,24,20,30
CHJR-1,14,20,?,?,21,28,9,9,7,11,?,?,13,13,12,14,?,?,23,24
CHJR-2,12,12,?,?,22,28,21,23,8,11,?,?,12,15,17,20,?,?,?,?
CHJR-3,13,14,?,?,25,27,16,22,8,10,?,?,15,18,11,20,?,?,12,14
CHJR-4,?,?,?,?,22,26,14,15,9,12,?,?,14,16,12,17,?,?,12,17
CHJR-5,14,24,?,?,25,29,18,25,10,11,?,?,15,19,14,15,?,?,17,24
CHJR-6,12,12,12,15,25,27,17,19,9,11,?,?,12,12,15,15,18,19,7,20
CHJR-8,13,14,11,11,22,29,21,21,8,9,28,29,12,12,20,21,19,19,12,20
CHJR-13,?,?,?,?,?,?,?,?,8,9,?,?,10,10,15,17,?,?,?,?
CHJR-14,17,17,?,?,21,27,20,22,8,9,?,?,12,12,22,23,?,?,16,21
CHJR-15,12,17,?,?,24,25,21,22,8,8,?,?,17,17,15,23,?,?,18,26
MLH3A-1,14,16,15,16,28,30,15,15,10,12,19,21,19,19,15,17,20,23,13,16
MLH3A-2,16,27,13,20,22,28,9,9,5,9,27,29,15,15,19,23,18,20,22,22
MLH3A-4,12,12,10,14,25,28,17,22,9,9,26,31,15,18,19,24,15,18,5,5
MLH3A-5,17,19,15,16,?,?,14,16,8,9,34,35,18,20,14,19,16,21,1,10
MLH3A-6,18,21,12,16,26,26,18,25,8,11,18,22,9,14,12,18,17,26,16,17
MLH3A-8,36,35,10,11,?,?,14,16,12,25,20,40,11,11,17,19,21,22,12,13
MLH3A-9,13,13,14,17,27,28,16,19,9,9,24,33,17,17,14,14,17,23,18,22
MLH3A-10,27,33,13,13,31,32,19,24,8,9,28,31,12,18,15,16,23,24,7,13
MLH3A-11,?,?,?,?,?,?,?,?,8,8,?,?,15,17,?,?,?,?,?,?
MLH3A-12,13,16,11,14,24,26,13,19,8,8,30,33,15,17,8,15,14,22,13,17
MLH3A-13,20,21,17,24,?,?,?,?,6,6,23,31,17,17,11,17,21,21,8,8
MLH3A-14,12,21,11,11,23,24,19,19,8,9,19,28,12,12,13,20,21,26,8,8
MLH3A-15,23,23,14,22,?,?,?,?,7,20,23,23,17,17,18,22,?,?,14,16
MLH3A-16,16,19,?,?,20,20,?,?,8,8,21,21,13,17,13,14,20,22,?,?
MLH3A-17,16,16,13,17,?,?,18,21,8,8,27,32,21,21,16,17,18,19,12,15
MLH3A-18,20,29,15,16,?,?,16,16,8,10,18,24,19,19,14,16,24,24,12,16
MLH3A-19,?,?,22,24,?,?,18,18,6,6,19,19,16,20,15,15,?,?,16,17
MLH3A-20,16,16,12,21,?,?,15,16,5,6,25,32,13,13,11,14,22,27,9,17
MLH3A-21,22,25,12,14,?,?,11,11,8,13,28,35,9,9,17,17,22,23,7,7
MLH3A-22,20,30,?,?,22,27,11,11,8,12,11,11,14,17,18,18,20,21,10,20
MLH3A-23,?,?,?,?,?,?,?,?,6,6,?,?,19,19,16,16,?,?,?,?
MLH3A-24,15,15,?,?,24,24,?,?,?,?,22,22,10,12,16,17,?,?,13,13
MLH3A-25,?,?,?,?,?,?,?,?,7,8,23,23,16,16,14,15,14,14,1,1
MLH3A-26,22,30,14,19,29,35,17,18,10,15,?,?,14,17,16,17,21,24,15,18
MLH3A-28,?,?,?,?,?,?,19,23,7,9,39,39,13,16,16,20,20,22,?,?
MLH3A-29,16,16,13,17,21,25,13,20,12,16,16,16,11,20,12,15,21,21,17,23
MLH3A-30,?,?,15,16,?,?,17,19,8,10,36,40,12,12,17,20,18,22,?,?
MLH3A-32,18,18,?,?,?,?,12,12,8,11,23,26,18,22,14,20,16,21,26,28
MLH3A-34,14,21,11,15,?,?,17,17,8,9,22,22,15,15,14,21,17,20,21,22
MLH3A-36,17,17,12,16,22,22,17,19,5,8,34,42,12,13,?,?,25,25,9,12
MLH3A-37,15,16,12,15,?,?,21,23,7,8,16,16,20,22,13,17,21,22,10,18
MLH3A-38,18,21,?,?,?,?,14,14,?,?,22,24,16,21,16,19,18,26,11,17
MLH3A-39,?,?,10,15,?,?,15,19,8,12,33,36,10,10,13,22,16,18,?,?
MLH3A-40,13,13,?,?,?,?,18,24,7,10,25,38,17,18,12,20,16,23,19,21
MLH3A-42,16,16,15,16,?,?,22,23,9,10,18,18,17,17,18,18,19,21,8,8
MLH3A-43,15,17,10,15,?,?,10,10,7,8,28,28,11,19,13,13,22,24,14,25
MLH3A-45,?,?,15,18,?,?,16,21,8,8,19,20,13,13,16,16,20,25,15,21
MLH3A-47,17,17,12,14,25,26,10,10,8,8,28,31,10,13,11,22,16,17,12,22
MLH3A-50,?,?,13,16,?,?,20,20,8,8,31,31,16,19,14,19,17,20,18,20
MLH3A-52,16,21,?,?,?,?,17,24,7,10,23,30,14,14,18,23,21,5,?,?
MLH3A-53,20,21,10,16,25,26,18,20,9,9,33,40,12,15,13,17,20,22,12,12
MLH3A-54,12,15,?,?,?,?,?,?,?,?,23,23,12,12,14,15,21,21,?,?
MLH3A-55,14,25,15,16,?,?,12,17,8,8,19,22,19,22,14,18,19,19,11,18
MLH3A-56,?,?,9,15,?,?,?,?,?,?,22,30,12,18,9,13,20,26,17,17
MLH3A-57,15,17,?,?,?,?,20,21,?,?,32,32,16,18,?,?,20,23,7,9
MLH3A-58,20,27,?,?,?,?,?,?,9,12,41,43,15,15,15,22,17,20,16,19
PTL3A-1,25,26,?,?,28,28,15,17,8,11,16,19,9,15,19,22,19,20,20,20
PTL3A-2,18,23,11,12,21,21,18,23,7,8,25,33,13,15,19,21,?,?,?,?
PTL3A-3,18,25,8,11,28,32,20,22,8,9,17,19,13,22,17,20,17,25,11,17
PTL3A-4,18,21,12,15,17,22,?,?,8,8,20,23,10,18,14,19,20,20,15,19
PTL3A-5,12,12,15,15,22,22,?,?,8,9,19,21,14,14,13,18,18,18,12,14
PTL3A-6,17,17,?,?,24,24,14,14,8,8,16,25,12,12,14,22,?,?,8,15
PTL3A-7,19,19,?,?,24,28,14,14,9,9,22,22,16,18,9,13,18,26,?,?
PTL3A-8,?,?,?,?,22,25,?,?,8,8,?,?,14,14,18,20,?,?,?,?
PTL3A-9,18,21,10,13,23,25,9,9,10,11,26,35,14,14,18,22,20,26,16,18
PTL3A-10,12,12,10,10,27,31,7,8,8,9,?,?,14,14,15,25,15,16,12,19
PTL2A-1,17,17,11,14,21,23,18,24,8,8,25,25,15,16,16,16,13,24,17,20
PTL2A-2,26,26,12,12,24,28,9,9,6,9,15,22,11,11,13,15,19,19,14,25
PTL2A-3,?,?,?,?,?,?,?,?,8,9,?,?,?,?,?,?,?,?,?,?
PTL2A-4,17,17,15,15,23,26,13,13,8,11,?,?,14,14,10,14,6,15,14,19
PTL2A-5,27,31,10,10,22,23,18,18,8,8,22,33,17,17,11,12,17,26,20,21
PTL2A-6,14,16,12,15,26,31,14,18,5,7,19,19,13,19,17,20,16,24,14,15
PTL2A-7,28,31,13,17,24,25,18,25,8,8,25,35,38,13,13,14,15,22,14,20
PTL2A-8,16,28,11,14,27,36,15,15,8,11,18,28,9,15,13,23,17,21,8,8
PTL2A-9,15,15,12,13,28,35,9,9,9,11,21,21,7,7,14,18,17,20,19,25
PTL2A-10,12,16,11,15,21,25,20,21,8,9,15,31,14,17,16,19,15,23,17,21
PTL2A-11,?,?,?,?,?,?,14,18,6,6,?,?,18,18,14,21,?,?,21,23
PTL2A-12,13,19,10,12,27,27,15,20,8,9,23,31,15,16,13,14,21,22,8,16
PTL2A-13,14,18,13,15,27,36,19,22,7,8,17,17,15,20,13,16,17,17,14,17
PTL2A-14,12,14,12,13,23,23,19,19,7,11,16,16,16,16,19,19,16,17,8,15
PTL2A-15,17,22,11,12,25,26,9,9,8,12,23,23,9,15,15,19,23,24,11,14
PTL2A-16,13,19,10,12,27,27,15,20,8,9,23,31,15,16,13,14,21,22,8,8
PTL2A-17,12,17,12,16,23,24,18,22,9,11,15,16,8,15,14,14,18,20,21,23
PTL2A-18,?,?,?,?,?,?,?,?,8,8,?,?,?,?,?,?,?,?,?,?
PTL2A-19,17,28,10,13,27,31,19,20,7,10,20,21,14,14,12,14,16,16,6,16
PTL2A-20,17,21,13,13,26,27,9,9,8,11,16,16,13,14,17,18,17,17,6,6
PTL2A-21,13,13,11,14,26,30,17,17,8,11,32,37,11,15,11,13,16,21,10,20
PTL2A-23,13,14,14,17,25,30,8,8,10,18,30,33,12,23,15,21,18,18,15,18
PTL2A-24,26,29,13,15,24,28,18,24,8,12,33,38,12,12,21,22,16,19,17,29
PTL2A-25,?,?,?,?,?,?,14,14,8,9,?,?,10,10,15,18,?,?,?,?
PTL2A-26,16,18,14,17,26,30,19,23,5,8,?,?,24,24,13,13,12,16,13,13
PTL2A-27,27,32,14,15,21,25,17,17,8,8,17,24,10,14,14,17,17,22,16,16
PTL2A-28,18,20,11,15,26,28,12,12,6,8,21,25,9,11,14,21,17,18,20,20
PTL2A-29,?,?,?,?,?,?,14,17,8,8,?,?,12,12,15,15,?,?,?,?
PTL2A-30,12,12,10,11,30,32,16,16,8,12,23,29,10,18,14,20,19,19,14,23
PTL2A-31,12,20,10,13,20,20,9,15,8,11,?,?,14,20,14,18,17,20,10,15
PTL2A-32,16,16,10,12,22,25,15,22,9,10,17,19,10,15,13,15,19,27,17,20
PTL2A-33,14,24,10,12,25,29,13,13,8,8,15,22,10,12,12,15,15,21,1,1
PTL2A-34,26,37,14,14,21,33,9,9,8,8,24,35,12,13,16,25,16,17,7,30
PTL2A-35,12,12,12,14,28,31,8,8,9,11,19,19,12,14,14,24,18,19,16,26
PTL2A-36,12,16,13,17,24,24,21,21,8,8,23,23,12,18,16,19,18,19,20,26
PTL2A-37,12,19,14,17,26,26,15,20,10,11,19,21,12,13,13,20,16,16,14,16
PTL2A-38,14,14,13,15,25,26,10,10,7,16,36,39,17,17,15,18,18,20,15,17
PTL2A-39,12,13,10,15,22,28,9,9,10,11,16,26,19,20,14,14,20,22,9,9
PTL2A-40,16,19,16,16,22,23,9,9,7,8,16,22,13,16,16,22,18,18,18,22
PTC3A-1,12,12,11,12,25,27,9,11,5,8,?,?,13,19,9,15,17,17,16,17
PTC3A-2,?,?,?,?,27,32,16,20,6,6,19,21,20,20,14,14,?,?,22,25
PTC3A-3,18,19,11,16,24,25,14,20,7,9,26,38,13,21,16,19,20,21,15,15
PTC3A-4,?,?,20,20,30,30,21,22,6,6,36,36,8,8,16,21,?,?,25,29
PTC3A-5,12,13,14,17,28,33,12,15,7,9,?,?,16,19,13,18,?,?,9,16
PTC3A-6,?,?,15,17,?,?,?,?,?,?,?,?,15,15,16,20,?,?,?,?
PTC3A-7,10,14,11,11,27,27,17,24,8,9,?,?,10,20,14,19,17,22,26,26
PTC3A-8,?,?,?,?,?,?,?,?,7,8,?,?,?,?,13,15,?,?,15,18
PTC3A-9,?,?,?,?,?,?,14,14,?,?,?,?,19,20,15,18,?,?,?,?
PTC3A-10,?,?,?,?,?,?,9,9,?,?,?,?,?,?,15,22,?,?,15,17
MTHMM-1,29,33,?,?,?,?,17,18,10,11,?,?,19,19,10,10,?,?,17,21
MTHMM-2,14,25,?,?,?,?,12,16,6,8,?,?,19,19,?,?,?,?,16,16
MTHMM-3,?,?,13,15,?,?,14,14,8,11,?,?,13,14,15,17,15,20,6,17
MTHMM-4,24,25,15,19,?,?,16,16,9,9,17,17,8,8,12,15,21,23,11,14
MTHMM-5,16,19,8,11,25,31,17,17,?,?,23,31,14,15,13,15,20,22,12,12
MTHMM-6,21,25,14,18,?,?,11,18,16,24,19,19,13,14,11,13,22,24,10,10
MTHMM-7,25,30,16,19,?,?,20,22,8,8,17,17,14,14,18,22,16,17,9,9
MTHMM-8,20,20,14,15,?,?,17,21,?,?,?,?,19,19,15,16,?,?,8,8
MTHMM-9,23,27,10,10,?,?,9,9,10,10,?,?,13,13,10,15,19,19,11,18
MTHMM-10,26,27,10,10,?,?,15,15,6,8,24,32,15,18,15,18,22,24,11,11
MTHMM-11,12,19,10,10,24,24,12,13,10,11,13,13,10,10,18,18,21,24,9,9
MTHMM-12,15,15,13,17,?,?,17,22,9,9,24,24,20,20,15,19,22,23,10,12
MTHMM-13,21,21,11,12,?,?,15,19,5,11,25,35,13,13,15,15,23,26,13,13
MTHMM-14,16,16,10,10,27,31,27,30,7,8,17,17,11,11,11,16,16,20,17,18
MTHMM-15,13,18,12,15,26,31,18,19,5,8,?,?,12,12,16,18,20,22,6,15
MTHMM-16,23,28,10,10,31,33,15,21,12,12,22,23,16,16,13,17,23,30,11,12
MTHMM-17,26,30,11,14,?,?,16,23,8,8,23,31,12,12,14,17,16,18,15,19
MTHMM-18,20,23,11,15,20,27,21,24,8,9,25,33,16,21,13,16,16,19,1,6
MTHMM-19,18,22,14,15,?,?,11,13,?,?,26,28,16,18,10,15,23,28,1,21
MTHMM-20,17,22,12,13,?,?,17,19,7,7,17,17,14,14,16,16,22,25,10,14
TCWMM-1,12,18,12,16,28,28,11,14,7,8,38,40,17,18,14,18,19,25,14,24
TCWMM-2,17,31,10,16,25,27,21,23,8,18,26,30,18,20,12,15,16,18,22,22
TCWMM-3,21,23,10,11,23,27,18,24,9,10,19,35,11,15,20,20,18,19,13,16
TCWMM-4,16,19,12,14,29,28,9,9,5,8,20,22,12,17,9,19,20,24,18,19
TCWMM-5,24,30,12,15,23,23,20,22,8,11,24,37,10,16,13,24,16,17,13,17
TCWMM-6,12,13,12,13,24,25,17,21,7,8,40,43,12,14,13,14,15,18,16,23
TCWMM-7,23,25,12,13,24,27,12,12,7,9,26,26,16,16,13,13,16,20,18,23
TCWMM-8,18,20,12,13,22,24,9,9,8,8,15,29,12,12,17,17,17,18,23,25
TCWMM-9,16,16,10,16,25,35,9,9,7,11,21,22,13,13,14,20,19,23,14,20
TCWMM-10,13,13,11,19,24,24,18,23,8,10,31,31,13,20,13,17,18,24,4,4
TCWMM-11,12,14,10,12,24,30,9,9,7,8,18,23,13,19,12,22,15,17,19,22
TCWMM-12,11,16,9,10,26,31,12,12,5,8,32,32,18,18,15,17,21,22,19,28
TCWMM-13,12,19,11,14,25,29,8,16,8,10,37,38,18,18,14,17,16,21,16,25
TCWMM-14,17,19,12,15,28,29,22,22,9,16,24,27,19,22,13,16,21,23,1,1
TCWMM-15,12,17,15,15,23,28,19,20,10,12,26,26,10,17,13,19,13,17,10,10
TCWMM-16,17,17,11,17,28,34,10,10,11,11,20,20,13,13,16,18,21,25,9,9
TCWMM-17,14,18,13,13,27,32,17,17,5,9,25,25,19,19,18,23,21,21,7,14
TCWMM-18,12,12,13,15,28,28,20,20,10,11,23,23,18,19,17,18,17,18,25,25
TCWMM-19,12,12,12,13,24,25,9,9,11,16,21,31,12,12,12,18,16,23,17,28
TCWMM-20,16,16,11,14,26,28,17,19,12,12,30,36,18,19,16,20,18,24,13,23
TCWMM-21,21,24,10,15,26,26,16,16,6,8,30,41,15,16,17,22,19,19,14,14
TCWMM-22,14,24,11,11,18,18,9,9,5,8,15,32,12,12,15,15,22,24,10,10
TCWMM-23,23,23,11,17,24,31,17,21,5,8,3,3,9,9,16,25,16,20,16,19
TCWMM-24,14,14,10,14,23,23,19,20,8,9,21,21,20,20,12,15,15,15,6,6
TCWMM-25,13,16,12,14,24,26,16,23,7,8,15,30,16,16,22,23,13,15,12,17
TCWMM-26,19,24,12,15,22,27,17,20,8,9,23,29,10,10,17,20,18,20,13,13
TCWMM-27,20,22,12,12,25,29,15,18,9,9,23,23,14,20,17,21,?,?,14,18
TCWMM-28,18,20,12,13,29,31,9,9,8,9,31,33,17,23,17,20,16,20,13,14
TCWMM-29,12,12,10,10,32,35,8,8,7,7,27,27,12,14,18,25,?,?,14,16
TCWMM-30,14,14,12,16,26,29,8,8,8,10,?,?,11,18,13,19,16,22,18,25
TCWMM-31,12,12,10,10,32,35,8,8,7,7,27,27,12,14,18,25,22,22,14,16
TCWMM-32,12,22,14,19,25,26,19,25,7,8,19,19,11,19,13,15,17,20,19,20
TCWMM-33,12,16,10,15,28,32,9,9,8,8,21,21,10,11,15,17,?,?,17,28
TCFMM-1,17,29,15,16,26,27,13,13,8,8,23,31,18,18,16,19,20,20,9,10
TCFMM-2,15,20,17,18,30,35,16,19,8,14,16,25,15,15,14,18,17,19,16,17
TCFMM-3,28,30,14,15,24,30,18,18,9,9,22,33,15,16,18,19,19,27,8,8
TCFMM-4,15,23,11,11,26,34,20,21,8,8,27,40,18,19,10,17,19,28,5,12
TCFMM-5,16,16,14,17,30,35,12,12,8,8,25,36,14,20,14,19,22,24,12,15
TCFMM-6,18,20,12,13,27,32,14,19,7,9,41,41,18,18,12,15,20,28,9,15
TCFMM-7,15,20,13,15,26,26,18,22,9,9,20,30,14,16,12,19,22,29,13,15
TCFMM-8,13,18,11,12,25,31,19,19,9,9,18,18,18,18,16,22,20,22,9,19
TCFMM-9,22,30,10,15,25,29,19,19,8,14,28,35,13,14,13,17,15,22,12,23
TCFMM-10,21,22,12,16,20,30,19,24,11,15,21,22,15,15,12,15,22,25,14,17
TCFMM-11,13,25,12,14,25,31,16,16,8,10,14,24,11,14,8,16,18,28,12,14
TCFMM-12,12,18,13,15,28,30,23,25,11,11,22,23,13,19,18,19,20,22,20,20
TCFMM-13,19,23,14,15,23,23,13,21,7,11,19,19,17,21,11,16,22,23,18,18
TCFMM-14,29,31,14,14,29,36,22,28,5,5,22,22,?,?,15,15,26,26,8,16
TCFMM-15,18,19,10,11,25,30,10,17,9,12,40,48,12,14,13,18,18,22,16,27
TCFMM-16,26,32,12,15,27,28,8,8,6,8,17,34,20,20,10,19,18,19,15,16
TCFMM-17,21,27,13,19,25,29,14,22,7,8,22,30,14,14,17,20,18,24,11,15
TCFMM-18,20,33,12,15,25,33,11,18,9,22,16,16,15,16,12,17,22,25,12,21
TCFMM-19,26,32,12,15,27,28,15,15,6,8,17,34,20,20,10,19,18,19,15,16
TCMM-1,21,21,13,15,23,25,20,23,8,8,25,25,15,18,13,22,18,22,12,12
TCMM-2,21,23,12,15,20,20,20,25,8,9,23,25,14,14,16,24,12,12,17,36
TCMM-3,19,19,11,12,27,31,12,12,5,8,27,34,12,15,14,20,24,25,7,15
TCMM-4,25,32,15,18,31,34,14,17,8,8,17,17,14,14,16,18,16,23,12,20
TCMM-5,16,16,16,18,24,26,20,22,9,11,27,40,11,16,16,17,19,19,17,26
TCMM-6,21,24,13,13,23,26,10,17,8,11,19,30,18,21,16,18,16,21,10,17
TCMM-7,26,31,14,15,29,31,23,30,9,12,23,35,12,12,18,18,18,22,15,24
TCMM-8,16,19,15,17,23,23,15,17,25,30,19,31,19,19,19,22,15,18,14,17
TCMM-9,26,35,12,14,26,31,24,27,6,6,17,18,16,21,11,18,22,24,14,16
TCMM-10,25,26,15,16,24,24,16,19,8,8,19,19,12,12,17,17,16,19,12,22
YLKM-3,30,32,16,16,35,37,15,19,6,19,?,?,18,18,17,17,?,?,17,17
YLKM-4,23,24,11,19,26,28,15,21,9,13,15,17,17,17,14,18,?,?,14,19
YLKM-5,14,18,?,?,?,?,19,20,?,?,?,?,14,14,17,20,?,?,?,?
YLKM-6,14,18,11,11,24,28,19,20,10,11,?,?,14,15,17,20,?,?,14,20
YLKM-7,23,24,11,19,26,28,15,21,9,13,15,17,17,17,14,18,?,?,14,19
YLKM-8,28,30,?,?,?,?,14,21,?,?,?,?,19,19,15,23,?,?,?,?
YLKM-9,?,?,?,?,21,21,14,14,19,19,?,?,19,19,15,23,?,?,?,?
YLTM-1,15,18,12,15,23,24,10,15,8,10,25,45,13,13,17,19,19,22,14,28
YLTM-2,20,21,13,15,27,29,16,18,8,8,?,?,10,12,15,19,?,?,12,13
YLTM-3,12,14,11,13,21,22,17,21,?,?,?,?,19,19,?,?,?,?,18,19
YLTM-4,16,16,10,11,27,36,14,17,7,8,?,?,12,12,14,20,20,22,12,18
YLTM-5,12,21,10,12,29,32,13,19,8,8,?,?,13,21,?,?,?,?,15,21
YLTM-6,13,18,14,16,22,25,21,24,8,8,?,?,12,13,15,20,?,?,20,24
YLTM-7,23,26,12,13,23,29,14,15,11,19,22,25,14,25,14,19,?,?,16,22
YLTM-8,15,18,10,15,23,30,14,22,?,?,?,?,10,10,15,20,?,?,14,17
YLTM-9,13,18,10,16,26,27,9,9,8,11,?,?,15,18,14,17,17,18,10,14
YLTM-10,14,15,11,14,24,25,9,9,8,9,?,?,9,15,?,?,?,?,1,19
WSDM-1,15,16,12,20,38,30,19,24,7,8,22,30,10,10,18,20,22,24,8,16
WSDM-2,30,37,11,14,30,30,13,13,8,8,21,25,17,17,16,22,20,25,7,16
WSDM-3,12,19,10,13,23,24,15,15,8,13,20,28,16,16,16,20,25,28,5,10
WSDM-4,21,28,10,10,25,34,18,18,8,8,20,26,14,14,15,15,21,24,12,17
WSDM-5,17,22,11,13,28,29,19,21,9,11,29,29,14,14,14,20,20,20,14,16
WSDM-6,14,14,11,12,25,38,16,21,9,36,26,36,12,15,13,20,18,26,7,8
WSDM-7,19,19,12,18,28,29,15,18,8,9,24,26,8,8,13,14,22,24,10,12
WSDM-8,16,27,13,16,26,32,20,20,9,25,26,26,13,17,17,21,16,16,14,20
WSDM-9,17,23,10,17,28,29,19,21,10,18,20,34,8,8,16,19,20,31,11,14
KHMM-1,16,18,14,24,?,?,18,21,8,10,24,29,14,14,18,22,?,?,5,16
KHMM-2,24,30,11,12,33,34,22,23,10,10,19,21,12,17,12,14,?,?,18,25
KHMM-3,25,26,15,16,34,34,16,16,8,10,24,29,14,14,17,20,20,24,12,14
KHMM-4,37,41,10,14,27,30,?,?,9,14,22,36,15,15,8,17,15,19,9,9
KHMM-5,14,18,16,21,28,33,11,15,9,13,?,?,8,8,14,16,?,?,11,14
KHMM-6,19,21,13,15,31,33,12,12,8,9,24,35,14,19,15,15,17,22,15,18
KHMM-7,26,29,12,13,22,27,21,24,7,13,23,29,20,20,14,15,20,25,8,8
KHMM-8,15,17,15,16,33,33,18,21,5,9,23,28,9,18,13,14,12,19,14,14
KHMM-9,25,25,13,16,?,?,24,24,8,8,?,?,12,17,16,18,?,?,11,14
KHMM-10,17,17,10,10,?,?,16,18,12,12,?,?,16,19,12,15,?,?,7,17
Phil-1,17,17,10,12,25,29,18,18,7,9,3,34,13,13,15,15,19,22,14,17
Phil-2,?,?,?,?,?,?,19,21,7,7,?,?,14,14,?,?,?,?,19,19
Phil-3,12,17,11,13,24,24,20,22,8,11,15,15,9,12,13,16,15,15,15,27
Phil-4,28,32,16,16,34,35,22,28,6,6,28,28,20,22,18,26,?,?,17,18
Phil-5,12,17,11,13,24,24,20,22,8,11,15,15,9,12,13,16,15,15,15,27
Phil-6,17,17,10,12,25,29,18,18,7,9,?,?,13,13,15,15,19,22,14,17
Phil-7,14,17,?,?,28,29,19,24,5,7,37,37,19,19,13,15,?,?,16,16
Phil-8,19,28,13,15,24,27,19,21,7,8,24,24,14,15,16,18,18,23,19,19
Phil-9,14,17,10,16,28,29,19,24,5,7,?,?,19,19,13,15,21,21,16,16
Phil-10,28,32,16,24,34,35,22,28,6,6,?,?,20,22,18,18,?,?,17,18
